Attribute1,Attribute2,Attribute3,Attribute4,Attribute5,Index
1.915140023362594,-2.018015645735963,-1.4134162184710921,-0.20236126809400118,-0.408769558178899,273
-0.7742078570030883,-1.6115442083847398,-0.4669332690722203,0.10240999101313641,-1.1279655794417776,313
-0.719272384876759,2.210269992641849,0.6089903238190608,1.0010667715790946,0.1634009778895192,253
-1.058535176905409,1.4285709729953877,-0.20641945431065348,-0.1808983948670514,1.033281512948311,12
-1.1187748373012882,-1.32622357151318,-0.39931285664928373,0.12390299713438331,-0.7869529796192324,463
-0.540740607879484,-0.11289304058484773,-1.3004855714210684,1.063355013321192,0.3309876844053219,448
-0.14289997895361503,0.6730838538935427,0.9252138225322493,-0.38395274293508036,-1.2086802712880707,183
-0.43614582533376467,0.09883846849095629,0.5632250015503986,0.09791483943702525,1.0451054573675864,420
-0.9238926860322284,-0.3510656040755163,1.253889637831389,0.25840510255419635,-1.115881585622591,140
-0.7564383830190928,0.7193187416244757,1.986652155578909,1.5786124351976296,-0.21052753497882365,54
1.4367174185349387,1.8763700828229701,-0.571052463009453,-0.20891285360602274,0.3770446400586802,350
0.43274178918714074,1.3231151495271125,-0.6164347251680519,0.8841031006573234,-0.19271432127878665,129
-0.6125965282998331,-0.21050808684211306,-0.2389512281602787,0.6620426888299,-1.5020023897546078,106
0.7683462624838625,-0.4585943530199263,1.4391219309950443,-0.48961313916714694,-0.22738451206266766,67
0.24855691589542256,0.7745437586187239,0.6301802714347859,0.19385569142373968,0.90860104496701,397
-0.11501317891305395,-3.032647085298108,-2.20586882217169,-1.356322617984018,-1.1623040800597426,428
-2.0798760070268223,0.754310460030913,0.7883174908445593,-0.06804485696383983,-0.4667797626706611,383
-1.3001248168973571,0.978491859032793,-0.23285258464583408,-1.7312322746547526,0.24351330081817427,302
-0.8529847157036812,-0.7110612955902289,1.0887081870814455,0.20003653703153484,-0.565062445344918,413
0.35629768975379866,-0.39974541044816225,0.9702304979070847,-1.202294494005815,-0.3044815836875429,393
-0.6154788911066952,1.6325992112545848,0.15994155061693485,-0.6524720061949735,1.6700410385973594,86
0.9500384968242531,0.5384597575768321,0.09641298876994735,-0.8188862174789846,0.8010356315016172,286
-0.03294557862667109,1.1170876192869807,-0.4157388502568846,1.2103962614036272,1.0789052767621088,231
-0.04995505873380758,0.11230215329174909,0.6318135754452363,0.28414945402747865,1.0171256871254664,224
0.12807330940918532,1.815436074745551,2.6217134072597332,0.8715619646125519,0.19969418423669028,74
1.0717954653781248,-0.11426852078610096,-1.7652239273987982,-0.5050455595654949,-0.421787106164233,117
-0.1301401641041168,0.2027211295488829,-0.8258909152549259,0.1321997756914161,-0.3928353624327953,201
1.1444807273157023,-0.3107441622587226,-0.012323864966959207,-1.0124544461029958,-0.2527237372844491,31
0.7807103717082918,2.258904638782052,0.1817599704109748,0.8172493326633395,0.7610865935568251,314
0.22283932983133023,-2.7644858653823947,-1.174670848436528,-0.9843429256639307,-1.546492130094464,438
0.06284586714723625,0.7765487018328635,-0.025767357242410145,-0.275861901475102,-1.1707881365492963,24
0.15733154835544608,0.7000962325030515,0.895915947552017,0.26440477353780495,-0.8719746541714805,190
-0.14258706905244511,-0.48469509191143123,0.6788975194290556,0.37991841657115216,-0.4934667010283959,447
-1.3618247216790247,-1.0330914798105642,-0.29326155985491725,0.006766056964544064,0.636926256284061,144
0.7625427998567921,0.8600261048361857,-1.7715388535921242,0.6757355459156559,1.6134733761040516,49
-0.46981323398826597,0.5417142100432443,0.18912002428541919,0.7732255484287481,0.017982343004542614,169
-1.6841155287936949,-0.9624917035202716,-0.930491251996641,-1.0425742025202824,0.18148509598899665,149
1.6724304961165393,1.4750399374284626,-1.0610872620035081,-0.41878081445137305,1.0932187068121777,127
-0.4259555774768545,-0.7263432489100111,0.4075891998442257,0.0016818343142582515,0.5521816345179749,280
1.1284454160788575,1.6993915861418682,0.15226450629285296,-1.4136152323705569,-0.8609565390398025,316
-0.0997131676942826,0.4450182398765035,1.8630387198379723,0.9232714630335361,-1.4003146996715226,467
-1.1263608121866817,0.6821039813468153,-0.9396285884910918,0.7396837945506396,0.608467382576027,110
-0.5895053765659088,-0.35531127725179895,-0.9475231540218724,-2.077784216643039,-1.0986508536455197,405
1.183059201722493,1.318113465313045,0.07573618303921338,0.565189013612863,-1.0755196161634946,247
1.886650201618223,0.29235015543294446,0.3668093805153302,-0.9336753130306994,-0.09334810845040824,496
-0.7681863424246723,1.163591399406587,-0.09662185086616344,0.6483244031356028,2.291838129632342,186
-0.7558522654147843,0.4158184598367538,1.3149679583925502,-0.061162287685154956,1.3424321016827006,252
0.21770287827052343,1.653708813655398,-0.7123359887385315,0.7340836323319107,-0.1856935828443995,318
-0.037702873196659395,-0.21251675081199156,-1.643467262578715,0.1519130112334009,0.6169659074612586,211
1.7221953666671581,-0.6860250069186368,-0.35242264433561443,0.5523735628249409,-0.40688260409998533,119
-1.608268942256536,1.0678029011884531,0.17733298931590732,1.4404970540783992,1.3702489807329732,415
-0.34097228795203316,-0.20431780630908078,1.46261481704152,0.8559242390605086,0.3357506382952263,68
-1.5197295568951308,-1.0048289478681578,1.2207947659621445,0.06505272190309817,-0.0508516719550271,102
1.1218156107003379,-0.68039015740216,-0.05757348142270933,-0.6325376480128803,0.5669966277528512,354
0.5182915168024149,-1.5410490275956825,-0.45090575429581586,-2.5365162318141627,1.0701681534738803,483
0.4769491383920554,-1.0909429757304596,-2.1796689786775874,2.063717389042803,-2.228771401656822,109
-0.9041579478709706,0.10966469205543482,-0.16017714398576888,0.6431394977041922,1.2359477469435565,445
0.6180352018677426,-1.4422787013899698,-1.0499427255478315,0.13100742606290577,-0.8725176270191339,444
-1.3717057870935765,1.2698122328487824,1.7409585561982555,1.094721596674296,-0.3069728561703824,10
0.050266170908973194,-0.664512749689039,-1.2385624423640116,1.098324908353852,-1.6082348577456482,81
0.1131597361970163,0.08321021091256892,-0.3859271785918873,0.2988453519954004,0.34207535720731946,346
-1.4163014222737973,-1.9600978158362434,0.6874557006360126,0.64227289873932,-0.10603228247104134,150
-0.7261398517693243,-0.5426790558135619,-2.2347031709013288,0.6146152093010692,0.532740121891461,221
1.454028384137459,-1.172646389997522,-1.158519314086494,-1.0368915481198637,-0.9153192432987801,323
-1.8644465735285154,0.5910871098496779,1.2858171243150418,-0.9395103176950494,0.5829016366086883,242
0.6398329211821576,0.3517216372941695,0.3479905936291084,-0.9296354503222825,0.6109659281791561,47
1.9305051142586251,-0.44539424731672617,-0.5739999404777703,0.3861091551570167,0.662422607587228,21
-0.9518573644201848,-0.8148377191758723,0.8695067324698519,0.2654049330127838,-2.1578246591187096,135
-0.6737380988118115,1.1275821018170729,-0.8630555270842905,-1.1425191519357312,-0.38712656050897115,51
-0.24650990599850706,0.3952836950136844,1.4703953619510386,0.9767127589802403,-0.7093336633110374,116
-0.30723933510809304,-0.12704926432810734,-0.08508478520289126,-0.03412339516226691,-0.08832239057264828,38
-0.48562910168638684,-0.09033504043517297,0.22252499736709477,-0.9878122886381007,0.03205096206699749,178
-0.3793357131523314,1.1563417255879136,0.19423674148997166,1.2878207625142846,0.34553451122342876,157
0.11560106616867605,0.7309064536248842,0.620141850444178,-0.37340120534958876,-0.9309674141328794,246
-0.5133747535436523,-2.231732972337864,-0.676128295420275,0.6149308782803514,-1.208103902144157,477
1.9533984458784797,0.7213185936627741,-0.37272541230761,-0.48375582852159016,-1.2126442277685583,409
0.5559091895894944,-0.7892326118844968,-1.3303948360172295,-1.492527717969591,-0.049460803424026284,139
-0.17426633669634986,2.3008763151669664,0.38826244311335584,-0.3011169119169133,-0.6444424171221218,422
2.40747735269528,2.763993212001966,1.4546262928025018,-1.1127301930006621,-0.3249396273146557,319
-1.136672488077863,-0.4964529245612614,0.45823851642583124,-0.6424808832813106,1.4155064672434678,400
-0.005378448522241999,-1.2124105173135897,0.2953993612951883,0.2209757397342963,-0.48551459523004753,75
-1.0412448466743889,-1.7139817682479137,0.6499570202872237,-0.3944183125395466,-1.4633945710278873,16
0.21237666774403346,-0.1806347017377546,0.19304659819796532,-0.13522165916100823,0.8176970672838512,406
2.3556569502152995,0.3204834870695317,-0.181979779615697,0.8422835654837694,0.4423426154889895,126
-0.9713490589351966,-1.5673899538099842,-0.7625723263565443,1.285895771025428,1.2508912470689804,435
-1.1514261217592565,-1.0474813322665768,-1.0339187014967277,0.7451173494221434,0.24419581253261322,340
0.9070168286365211,-0.26514752897862226,0.4685921303978758,-0.9296631289937685,-2.0142870247113307,328
-0.380291723423199,0.5644340167606412,-0.9778370563454766,0.706745158423161,0.7512973608908664,371
-1.1239642621122385,-0.4123982021355689,0.8464187798305709,-1.1412306357153519,1.0865690118063294,36
0.19860810188812902,-0.9006620517345376,-1.2599171517986039,-1.1027006589597885,0.6555413241781667,348
0.8421339401475406,1.380464139068256,0.04159901878183381,0.879212539210979,-0.7568490665466222,26
0.04024523945898893,0.17928183767432684,0.3945985445805718,-0.5796207982335988,-0.9159451910690519,307
0.08580803006501103,-2.6550202273547585,0.22060032883622513,-2.435990567700371,-1.0007350381102527,97
-0.5883142918631995,1.9951568514684124,0.7865187023210855,2.1731059523437595,0.5867890683131582,197
0.6313850125328737,-0.3139255845615893,0.5945941746293653,0.691861028421864,-1.714469814628965,155
-1.186437778498445,-2.315256728913437,0.30537644695288724,-0.8045003587491247,-0.5549519585995875,407
1.8304472723825047,-1.6779159971610553,-0.695951903243087,-0.8595526169683734,-0.8287758955091215,243
0.6616238548355706,-0.7597061853779528,-0.4941610865102364,0.121207327435898,-0.34117108408762814,375
-1.5998168806880202,0.4952032509508832,1.7990004522706415,-0.6722071685229992,-0.3297107704399527,270
1.5019093625461284,2.790299165753017,0.9115481195862613,2.0455627347207153,0.2310661123042425,471
0.24330463924576384,-0.486590717263999,-0.2671306572655277,0.3002547556594944,-0.9674430752939188,284
-0.9245559775142956,-0.06785536302036127,0.6525961649177252,-0.36029826440933793,0.16331495544162028,377
0.6381684179866616,-0.614370223722058,-0.6600964517305624,0.12365696188705673,0.40248274735051637,401
-0.13415477032552178,0.22409461898482888,0.9531819294790511,-1.5535774309773867,-0.22543822572767314,431
-1.038784799138926,-1.8598695048892862,-2.232871430641203,0.6380537094787625,-0.4255413113138483,317
1.8953687263468724,1.621667111873117,0.6748099437768912,0.30696413208856077,-1.1866185673397938,210
0.3053787510287755,-1.2033576996627458,-1.2690221252977982,-0.9611523436604024,-0.9941507112949455,175
0.23851642290797825,-0.41327319433779575,-0.7857036589318456,-0.8959288986390292,-0.9270581822449631,100
0.45044289713226626,-0.6949597530670992,-1.8702487460283457,2.682357879199999,-0.3431652836686761,259
0.6988556346623706,1.192334647926193,0.36922081693396025,0.8993002125426299,0.14870237716397547,142
1.2105940650076832,-1.154569588790424,-0.4889372298022423,-1.2464699726078459,0.27029423287576726,342
-1.1421954231856772,-1.2741299132320296,0.8555800014420896,1.3355536256845317,0.2306881529912123,14
-1.444612464092449,-1.1287918323254686,-1.2777639361155781,0.21801148927659697,0.2986203674650629,185
0.5122588761586712,1.4855578348590819,0.15680225477444354,0.11872630223161812,1.304735552726387,132
0.6770638701209333,1.7675867174109707,0.14509634651518774,0.020514970836117093,-0.5081493103523576,193
-0.17598331974392656,-0.2076117838751888,0.6594716664847465,1.1214255022597714,-0.63214382470494,309
1.6030547144396998,0.7815009267747264,0.47417775653565924,-0.045106461662855785,-0.6716711411108098,462
-2.1689044411371996,-1.712669044919014,0.761555335661021,0.5066246727482572,-1.2665305804946019,495
0.17549337343218024,0.6669790736660611,0.09191098693606237,-1.2195964386596183,0.09237995267552872,332
1.2148831903321304,-0.19689278011034486,-1.6080821532767142,-1.43894043167201,2.6171046361670616,331
-0.9553262853664137,-0.8221413676581237,-0.9676474733142841,1.2416380630199408,-0.7615705041640719,278
-0.20846202106708706,-1.4033062811911818,-1.5048296060282562,-0.2382680949161885,0.12696685687875525,35
1.3467936873556163,0.02447756203587109,-0.4562996045541499,0.8590208671519364,-1.8842363761564545,364
0.10857884326210664,0.5179381205835172,0.7888092331181955,2.134201430372125,0.2667507971216828,234
0.2521747555363091,0.9868232925307212,-0.29197845125301525,1.2523990918467367,1.589293200674439,262
0.09724245711129055,0.6782176186642151,-1.048374594329763,0.6509152664474903,2.211957575613407,198
0.8922039634882906,-1.1455302498982445,-0.19433728123340216,-0.9174251627061195,-1.531355853728075,115
-0.0542809399382022,0.5180450721546083,0.30098410054242286,-0.539711379484649,0.5598134141493379,343
0.9352438958829684,-0.22125600010120966,-0.8675115123268641,-1.5749970504043607,1.27342745565298,121
0.9908754447284052,0.9985236980602005,-0.14963988573853107,1.48979646876273,-1.2060490489030655,295
0.3779651307529145,1.492346383593303,0.180359907790922,-0.2564431220472793,2.3817009810761594,84
-0.23590476810380323,0.5453709391329102,0.9859331457063957,-0.6641977230708538,0.05613818699917745,475
-0.4750764740495335,-1.3228938045375707,0.1372504631419358,-0.17748338704691355,-0.030521440932739795,263
2.7626027660855415,1.401260613433017,-0.8914139618504634,0.1661570301533823,-0.27493527713039917,96
-0.5745601389670876,-0.506017893880632,-0.47828122488905095,-1.9462739813827747,0.7658438276736305,59
0.5310603191748872,1.1060503742390042,0.43337228459869637,0.07193618694571072,-0.8376694139655894,396
0.11753524119937149,1.738290855006728,0.24079301800606867,0.6971230312218598,-0.08473565869636861,44
0.6681515513703781,1.1914013916030617,1.1619454067455415,0.48240628940028196,-0.5510628278373896,326
-0.4300379956948279,-0.9696627633767186,-1.151771438403105,-1.7086467022025862,1.836888984688337,218
0.7767493799153248,3.956264928170119,0.6330414079239951,1.8300872139303412,0.9267214096394119,188
0.09808869450825473,-0.018162250646625952,0.7845970345922758,-0.7941269235365447,0.4462072743974086,25
0.45659259557600806,-0.1679389068414373,-0.23098722375357675,1.118871330786886,-0.035381560374106696,182
0.0692108377535886,-0.6817699273677841,-0.26031291132049506,-0.630432337377554,0.09324747441835386,99
0.5423881938769554,-1.2233926480242243,-0.09898337044548758,0.2738399390928094,0.406403647985368,306
-0.6747710882973128,-0.21647698428339157,0.5996093914281428,-1.0929380389778136,1.1046646761825945,167
-0.5539141691872943,-0.8372804204937334,2.245574011084144,0.18021944209908458,-1.1362693151601777,299
0.637943091689994,0.17485717311281046,-0.18904459729622725,0.02825511771183629,0.5771847792410482,337
-1.001192353072593,-0.5205247445758514,0.277124047595461,0.41853628974479135,-0.6249820971641502,184
-0.6939231985406783,-0.44951811520163487,0.8331217069243975,-0.9040817725556876,-1.3637097960772009,485
-0.6991670923111198,0.4534450495001034,-0.6072882915414523,0.41755755010565504,0.5795663549766136,289
0.4765759243235816,-0.7092471905010623,-1.682579860107087,-1.1807046706638333,-0.34255342744440614,62
-0.21953709185620024,0.6688418620125345,-0.273886003785685,-2.934083303490667,0.49615239147609086,9
-0.44790445327469447,0.4335607717377176,-0.5674661695866995,0.22211538478482049,-0.039513639456498245,52
-0.18783327262089328,-1.801677642627013,-3.241983558625226,-1.5898018471708018,1.4659796026275145,461
1.0311349591511951,-0.7125056601757505,1.4087110133254481,-1.6423499338724392,-0.6474486776246408,236
-0.3144325133695793,-1.604445249253968,-0.10369181408387636,0.6232985159328854,-0.7383983297625496,298
1.799527911412696,-1.1626101193623821,-1.3898641933960978,-0.9870288433860107,-0.9269677685704089,87
-0.9893027725508736,0.25450089308307877,1.7603520877718954,-2.674237379165284,0.6230346007774621,3
-1.7474439080846027,-1.7998559988803975,0.31276107908585354,-2.1890283503013483,0.645122126055482,208
-2.7902029524792753,-0.8871077826981356,0.8900844496220457,1.1353905224949599,-0.062358919507498965,385
-1.5228471403158401,0.1592608866335389,0.20154968031869547,-0.5691488934512617,-0.4997877260106715,202
1.2199312212544708,0.6141948888903571,-1.3387396353082348,-1.183826714602042,1.8989654815641073,338
-0.17015325712531654,-0.6614080502230668,-0.7983323500690849,0.7069254509626672,1.1513888081484438,251
0.18938594857746616,-0.32482003611860666,0.9580446285806588,0.551099477341236,-2.240289284235181,212
0.6929431384593588,-0.8610925879626001,-1.460706873342937,-0.12407416278976041,-0.07016192403709412,215
-0.2290133749333441,-0.632513522887933,-0.4537362357953514,-1.521627460564,0.8989809571323648,222
1.0311857740399386,-1.4353001288363156,-1.8318114179002398,0.6168404904373344,-1.5386092473586204,285
0.7693357753902177,1.0071681561779524,1.630662982849702,0.6045615813566368,1.903392767255876,83
-0.4807890347215398,0.43741793000695567,1.6353073820386403,0.36436695770841043,1.5513169916352434,58
-0.5278381582075679,0.059305206052518135,-1.1810962466665331,2.25058498998055,0.2601393686500349,367
0.06623124152067553,0.26335878650590383,0.1570213438925241,0.21569669954497225,0.17923478245147306,148
0.2778791234071827,-1.4831939378782872,-0.0927448176436798,0.20298354808040975,-1.7638333630141665,18
0.49397695467273955,-1.2670996092364193,-0.5178540624306948,0.7368963476589592,-0.5790891846143157,416
-0.9064011644072058,0.24978273678762414,0.9020771479415075,0.6195222302215783,0.001589373993584922,123
0.15227542715101444,0.5601768667520807,-0.26826537567040765,0.8728140146170658,-1.8137756143792483,498
-0.564209278595231,0.8917437670389563,0.15192324031177776,-1.288716075328946,1.0098625679588045,266
-1.4148979021174415,-1.0659546317256607,1.2067143147900334,-0.4770819664572233,-1.3767972223558955,40
0.3261096664419153,0.7684205378796686,-1.1182780734668936,2.1364339874389997,0.7572616552300855,176
-0.6533816574059511,0.3431326565631182,1.7078339731982972,-0.7453579804837939,-0.6367462383754228,426
-0.9909360510089751,-2.035386549423384,-1.907593023273169,-0.11407843872548733,-0.4676552616826796,353
-0.8842621618241644,-1.2716789906992556,-1.581391406255176,1.5229367323975036,0.03278642714518183,101
-0.5039182167297059,-0.17134391460224832,0.3306557629980735,-0.6846990046956316,0.7501351658969513,124
-0.4447899256194631,-1.3264089904203091,1.5679868126827061,-1.7264975132140528,0.33946420178108133,241
0.6120312363180099,0.4308301092836502,-0.5745841462861597,0.2845125895042289,0.13811380859591593,41
0.28152553651562884,-0.47594142291280683,0.5106640506757887,0.26932214525900594,-1.4026655470522715,179
-0.7907768311689607,0.5439630878255668,0.054287200826538616,0.8133588670813586,-0.19523574766084933,204
0.16345937110057293,0.6697893894463989,-0.08067669373499507,1.5181780810962935,-1.082591238268407,65
-0.8308052974467315,-3.1042518213453314,-1.245168458702585,-2.2372400340366463,0.43797133659974097,315
-0.15179212751348836,0.28761413181729323,-0.865050560706135,-1.0662045113187661,-0.48471404331293505,411
-1.1042655926031129,0.6077807073484579,-0.8150250663673062,0.1095849718853546,0.019823948479079364,69
1.1937941226412776,-0.15445123323533397,-0.20787205482718402,-0.302587581893988,-0.053239908029253595,168
1.0869205198996787,-0.17970671389168374,0.7606168925966523,-1.4329651784537978,-0.08096797582177642,476
0.14884600035255197,0.12877797729276036,0.07527661352098947,-0.3832938850429063,-0.7214474905377035,32
1.0747606316760134,-0.26005704862471374,0.05733842696792572,1.9873717158923494,-0.9556582007305355,160
1.6312809928980756,-0.7503725031738411,-0.668080074190017,0.24080033528456132,0.6819204483578767,248
-0.27876450221164795,-0.4307772670662949,-0.22084600730077247,-0.4824397665622326,-1.6810653727359208,373
-1.0538683481127031,-1.7320819401569334,-1.3656768834236435,1.460592457196924,-0.9252655586082018,194
0.3603228363603052,-1.122028953614239,-1.2203744255449303,0.0395521680889566,0.1934900526063824,488
-0.20135344168540023,-0.12200817095249523,0.0771144146348497,0.0849189897842053,1.2783380928027823,436
-1.044634601188402,-0.7325565523132133,-0.3956594509872377,-0.43136505172934336,2.0957959177307353,384
-0.9411978897870688,-2.9285342290009404,-2.3831455795176084,0.4312369874995746,1.341965515133535,233
-0.7413578136633858,-0.012277255777811743,1.1069891121530728,1.28970664672876,-1.5439308360513242,451
0.01164606260055365,1.4382730999570794,1.5446660719922707,-0.11991702197771929,-0.019974400258644175,341
0.7357634135136731,2.2280244127712807,-1.187253114139735,0.12228326692240861,2.5123115207529434,391
0.46658913971263116,1.255071086184094,0.7464423652324119,1.4273038333395816,0.7614743642484711,282
-0.35270195757715994,-0.7314150640151803,-1.3822937496404213,0.08335386462437434,-0.15548305714237967,229
-1.0918562802391658,-0.9985424421792956,0.1533453544902878,-1.3208755426964096,0.22450993997148308,359
1.6582500781295775,-1.2341796776373597,-2.127562047512222,0.5463774800504577,-0.2289881630525865,303
-0.74928214273912,-0.42990705535768886,-0.17622841733711136,-0.21275685393342697,-1.840533121396899,437
-0.9305080286461761,-0.9313926866775453,-0.3021794975188986,-1.1138368592947987,-0.9153488226279658,458
-0.22997382476432882,2.1972998046088703,1.4364153437442337,0.38466382060768806,0.9748382667737998,191
0.3701628878276296,0.45953047689891857,-0.5667066668094455,0.2123268966804057,-0.19357032419414105,63
-1.0612750137116582,-0.33727582499845155,-0.7552771581107973,1.2693824563669787,0.11539106762515035,355
0.31166611928470106,-1.935791051105108,-1.3854766662690827,2.764896421594787,0.7559564449177969,152
0.12696139583809415,-0.2830292344592273,-1.3122483559535383,1.1927414113515198,1.6737272814782291,30
-0.28126472174012745,-0.9431573588518704,1.0180081020768794,-1.0647328845887027,-0.9562516889915721,264
0.4000881990000212,0.7708295447814223,-0.9739550803788657,-0.194325309383876,-0.5942102202023222,305
-1.2837567522732058,-0.31910594125863,0.9749636195403544,0.606491052730708,0.9941346260971956,487
0.6997115044202586,-0.03747383194846603,1.1387404746475631,0.6437015426909308,-3.4069375576121512,209
1.0035049153188578,0.0511356818619238,0.4850373997910199,-0.4766321934631459,0.5555875108598931,72
-0.5839325991594733,-1.8644092099945797,0.6080683880627286,0.13757276872999916,-0.4584006680456514,387
-0.395082495478563,-0.0732062208064893,-0.834770180627319,-1.089970394814264,0.16598874571776984,245
-0.3922731192104537,0.9861683892858847,-0.6449231637764493,-0.261783229253536,1.3603945015496948,166
0.593825349705958,1.8353432896108757,0.7375577471464135,-0.3236576583395754,0.8641191317321649,46
0.9916637981150852,-1.0161337425165677,-0.5301299115545244,-0.7560140117005765,0.8061580449151131,199
-1.179859971063563,1.2697252865149682,0.6541482354686208,0.09629247184608229,-0.5133217460611673,287
0.7262339199151072,0.3494359433062284,-1.0214978774132681,0.6097927334359321,0.1341602046809323,394
-1.1196491290030253,-1.4608181240365932,-2.410806745017907,-0.19310537505047592,0.9488824157879574,50
1.3425384059409287,-0.22309187787137386,-1.5733993746502049,-2.688197281450888,1.1771620894312094,366
-0.38143637225894994,-2.485884834526259,-0.6998705536727428,0.2610624107114473,-0.6510995841127404,424
0.2766652322827772,1.0024710644871802,1.772764970699476,-0.28508842136621637,-2.2725707209585324,465
-0.34509416303264884,-0.011848362157981782,-0.9099522222513751,1.2416008569925998,1.7006761299067397,418
0.6226172928680455,0.9304998833279797,0.9761764046831936,1.2378910075642922,-0.44150830749684666,389
2.1278404265147035,-0.3537724722448467,-0.6826864770313434,0.7201521585589945,0.48628795918842066,293
-0.2778618432461142,0.4452773884218546,0.9453943647087614,-0.14387714255856884,-1.246049680480859,268
0.5047394700392625,-0.22630690933321787,-0.5155510184169783,0.5219874517744629,-0.7433434657422462,143
0.8582734455757567,-0.5686033756054452,0.516113077387897,-2.087418419321376,3.320835835821763,146
0.980288604795867,-0.09720374111785805,-1.3924792093829828,0.02233635910235968,0.6478837405286456,325
0.47917378098239455,0.7782410743823986,0.5994733671202309,1.6915231542528746,-1.0376912010330472,277
1.2479329028330777,1.6673750740961317,1.706134590189064,0.016277328667280936,1.1234358076337427,272
1.2669215980874395,1.4164908069005901,-0.15311453379381582,1.7957259675015125,0.10589837336123098,56
-0.8001332244691282,-0.35311820439619135,0.6310072822647819,-1.5351522654977887,-1.9113887880625389,133
0.6380268900298895,-0.8860982899136476,-1.5556116712339734,-0.4776808472495388,-0.17493928116669796,484
0.7373723393764982,-0.2964526303958958,-1.2867249868336996,-0.9889937643259489,0.3369059087027188,494
-0.8138807002987701,0.756731875796498,0.8957196459498202,1.1541829335951683,0.3845080022710977,404
-0.13608393087399184,0.46252925166913567,-0.49229946900562277,-0.018749893632357118,-0.5001414298005395,481
0.003357708908350869,-0.2544831569519976,0.09775472717466413,-2.0048546268064578,1.2579007764298018,433
-2.495681009027606,-0.2784094015919447,0.20066783351231732,0.1396254619206206,1.459408335941339,474
1.517853055225472,0.6566292879029175,0.24871007282389349,0.37250445953396216,0.5762323787266778,312
0.1574621036275366,0.7193310636499867,0.0429084041977884,0.005456939378629556,-0.39952208390623073,464
-0.9441230838927717,-1.1737232883972084,0.43618593154557567,0.2363278257641864,-0.9200424677813105,189
0.29290730387431163,-0.16724756495897358,-0.11083433817946466,-0.660803912828204,1.3132469814663386,232
1.3540451826478033,-0.18402027694659798,0.5631396014230096,-1.5301831166359936,-1.7812695249233175,469
-0.5745350641875365,-0.7508397781249689,0.8395690957809148,-0.4736595958897868,0.10066511660119071,137
-0.5287946773141302,-1.163396739438868,-0.8294727017898927,0.5184595579054104,-0.34156684463059783,147
0.9311804905408325,-0.5247753390213037,0.106803172365106,0.22175323171916567,0.650746688192394,216
-0.32321868596974623,-1.5778444702296088,-0.4473616561879155,0.9123516311392714,0.34899551460617273,15
-0.43930776871375943,-0.6086474906458185,-0.002116413224637477,-0.5506871563919649,-0.36872139776063445,103
-0.27066056300747793,-0.4929580953334695,-0.5583201254556075,-0.4415991389456697,1.856776403653629,174
-0.23651384066662484,-0.36658108195103123,-0.3344280656950162,-0.06010997042486111,1.200550751379084,368
1.3450682383198436,-0.17476736871726214,-0.5582015035441678,-1.171416854668407,0.6757518977808352,301
0.08871987206983355,-0.4395957779772453,-0.3619846263587569,0.002149769443724465,1.1197950948542863,333
0.051790904761932786,1.0929864156005689,0.49150662677803747,-0.10504190366677392,-1.2150805980948611,311
0.3839086459011111,-0.6848395031689524,0.3787746744975566,-0.9465641203811699,-1.2012365838767434,489
-0.7969518045029461,-0.6468352418352757,-0.7501859914340019,0.7191453575888136,-1.0887353437873717,130
0.8270683345037898,3.398377370709286,1.9595528511863691,1.0932032550581778,0.8961558146664863,39
0.765540976631805,0.8688205394569264,-1.3684268126272772,2.739381350037557,-1.4549764598068002,6
-1.391050430938259,0.08514721147682902,0.6265857632132693,-0.75044785913624,-0.5210886363850779,91
0.751759031027956,0.9582928527809097,0.3976216829577992,1.2206100609498958,-1.3394368263519818,8
1.8263005925116023,0.15017433766137933,-2.286217162853815,0.7335131000891525,-1.7562656914425878,235
0.5964332076051498,-0.3378377851502467,-0.09460370202643975,-1.0421875302308397,-1.0274137435022013,195
1.857376189080211,0.13043196717381206,-0.8599928900637788,0.2959263734182087,-0.15710701790510928,454
-0.38081921453571127,2.523459172157579,0.9318855389388562,-0.042975791041392035,2.225595300611452,352
0.6813377363002373,-0.48257238610011355,0.06384757990901063,-0.4386842779826475,-0.7617294337278654,173
-0.70611847418443,1.4727821149705298,-0.3326253447839988,0.012842409298786701,0.41323522115024597,244
0.8220319355915126,1.4291719943640555,0.8248397806022286,-1.376218786997081,0.2991981567939567,388
-1.0066880325859622,-0.8074177586121195,0.08408221916395674,0.3748551820772335,-1.6137625250280836,294
0.12114397297067506,1.1746702914963032,1.829293405160108,2.1093349006612616,0.5187319042257449,414
-1.3262842117849438,0.7642530157218821,1.5691653672714367,-0.32134159867049694,-1.260621999000428,330
-0.8885326208542211,-1.9175848144237835,-2.4807638661350233,-0.6092313662201563,-0.45489162985615317,258
-0.28713242948025264,-0.4743996490411023,0.7483596366517796,0.4525722225428202,-0.661308274229469,77
-0.21377049371092277,0.5091977253125812,0.2989151184865075,0.28634852762186136,-0.12207744223993783,79
0.9149609433245194,2.192942261479207,1.0413221642718407,1.3830803775700753,0.44422698742994876,104
0.6325383266116357,0.4697624242861652,0.8378953856364058,1.1445861837102367,1.2702197919180496,380
1.2219250378746151,0.25499736958650104,-1.4666602400852071,0.10854288515293058,1.0251586468225766,269
-1.1706040648886118,0.2572363209120061,2.819658391710936,1.6577378646052965,-0.3703429286544275,455
-0.16301802242827074,-0.12366135409188755,0.6882418580451757,-1.691709238562182,1.4088274645095293,492
0.3526758398115541,1.3623897407307337,0.5569259524829917,0.13999685128440956,-0.07875637092453673,250
-0.8242765550046018,0.5633092438865684,0.12396659129908577,-0.5334549790772164,0.18266768871194505,187
1.0081938958417775,-0.5703055790247523,-0.1933269151147418,-0.7580137756414306,-0.8150369969994141,386
-0.6083472034504596,-0.6773915101251327,-0.7764420684334526,0.3516978175547898,1.2487605182582622,42
-0.20996862241873493,0.8635328008027537,1.1727786657524644,-0.3152635392880504,-1.1056635232164398,398
-1.0751103893025016,0.42539327279462263,-0.6920099148556342,0.8623062897522947,1.4903118010109293,131
-1.5366604933346109,-2.4019586431019935,-1.8672661631804588,0.12632126049158318,0.5717115198946753,154
-1.5552522434320852,-0.8658070265285943,0.8207629225057439,-0.6217692243597563,0.03208447702066957,180
0.16832857334499698,0.2623050029467853,0.39823010850801205,-1.3818060443277462,-0.03937227845227487,93
-0.1224451914084133,2.3418302033672496,-0.703912695434196,1.112548562120745,-0.020055824600565406,260
1.5767734456021285,-0.2939223669517163,-1.7560703294516755,0.46571849046218694,0.506222505939176,228
-0.694306301431936,-1.5624548552202753,-0.17599249500660075,-0.013752287621678244,-1.1225696814511612,61
0.7438520380511022,-2.1475655681350254,-0.5508450523918168,1.206312735024401,-2.5031291602843155,1
-1.1808400796726368,1.6501080219049504,-0.527677782005449,-0.6217413713733085,2.1920205078265522,177
0.2178928306890117,-0.12779193265649724,0.33390539200966335,-0.3067471854824053,1.8197961126571722,213
0.48511113204991274,0.3695218655184313,0.6076460744154148,-1.1889733989457116,-0.27788301468470517,53
0.20138079461516742,0.001938852140489852,0.6716996952024265,-1.4902415388550363,0.1680121794605366,372
-1.3918051863028538,-2.698756625373604,-2.5498630795133486,0.4090198487213033,0.21576769824767986,170
-0.7497077844562536,-1.1627724438506517,-0.6955365182996526,1.726970352190138,1.527249674568684,230
-1.1438746064127927,0.1775322668903303,0.4606785872515151,-0.5032410843053738,-0.8856967556513109,114
0.49898866961977834,2.1702733297294032,0.8201631969584345,1.470271760541907,-0.26037767947344187,192
1.8029008521804961,0.01806532638099608,-0.14998104458924813,1.5349086051168206,-1.5227293640688704,156
-1.294181847056504,-0.7558913881056895,0.6632986563201995,-0.6734311788540123,0.3590703204471154,472
1.1356526354515242,2.9987593628806777,0.7817914431443832,1.2282986324252219,0.5323088513320243,37
2.3164212490329277,1.1315742315558648,0.5137706153902996,-0.046703497619157416,-1.176618372841338,17
0.5428304119127522,-1.0269005340031498,0.03566329260933549,-2.22652783144091,0.15844573009660298,434
-0.20901783509412286,-0.8118923176017508,-1.3069300681171845,-0.02485184108318104,-0.9695959638700221,88
-1.3371252710568107,-1.1524412811784723,0.5452036751313437,-1.0907064199859615,1.0958808235061526,255
-0.3098527361760173,0.94462980949996,0.4288050094500748,-0.528782693322699,1.3151618026355771,225
-0.9921897824441845,-1.9207221155701457,-0.7664925393828379,-1.058920897418764,-0.5928854303517935,145
0.9326503778509508,1.108349087013896,-0.5537647043905678,0.02015139904840331,1.407374736646226,159
0.11669559038068121,1.4242268187153344,0.7583613808453245,-0.07182042672030761,-0.297433390517215,339
1.1543078227998638,0.9716374676707739,-0.08945069113974358,-0.7565396970086056,1.539080452846811,33
-0.808748094134629,1.3937421129312244,0.24645855262078245,1.3138618777740028,0.8748721621764747,171
-1.0713485524567592,0.16683725089880805,0.8630355846368667,1.1446518643769579,-1.0001599638334966,134
-1.164554924403401,0.46070452944003787,1.3492415618245464,0.31727669398611186,0.2903272601716158,2
0.09175879586080272,0.533227462113729,-0.5841900415411824,0.33001830737012566,-0.46497069308209604,490
0.9735738233881022,-0.17210618018352813,-1.0034876062964728,-0.7886032053674019,0.0050127746789284154,105
-0.12810284111465442,-0.02235938464450575,1.0554991192491014,-0.35730732003433313,-0.2880697947575393,196
1.3177530675925277,-0.37060772498580186,-0.19900284754433095,0.828649431925824,-0.5981961502619288,334
0.4263602132404212,-1.4524166882635103,-1.1518191328758904,0.6689101096231306,-0.7918421155743256,440
0.12583909389897552,0.23472604656456825,-0.4883921359207135,-1.0843566569128138,0.19120088212473843,470
-0.7755959207228155,-1.6229317646732293,-0.3416784879621824,-1.0204622272925201,-0.03633038008199978,345
1.4025263330522686,0.9907478515686887,0.9432350469899716,0.9086684850542799,-1.2176434843422816,108
-1.23202264171017,0.12893279865399868,0.989908154155674,-0.5461198623453695,0.1802777630928375,29
1.6905557848235553,-1.1851669533847,0.9234777413764029,0.5484087204550735,-1.487865595601956,23
-1.2805008226713845,-0.27912964183317784,1.298120750008985,1.3596491646956412,0.5967484011497515,382
0.059035085631172546,0.21622510813395063,-1.612477660189336,1.9513863928681074,0.17067887363711395,271
-0.8947376058516863,-2.877828898806601,-1.9138586920160152,1.0398567941432326,-0.00550726455995739,275
0.8589928783398679,-0.9933427381325058,-1.1212752709917335,-1.1902859206467942,0.9281360488753245,324
-0.7209204611463018,1.1817712682321542,-0.10662709560561424,-0.0925166789628264,1.9660029578600973,296
1.0242400338631372,-0.04886210156431276,-0.5984971136212398,-0.009973300148199573,-0.4497609583067617,288
0.07525404362981138,0.5102833403154706,-1.0443188754246984,0.7888114629084912,0.6927847801512882,283
-1.3754988847792684,0.5384511216536346,1.3325392411852284,0.2590158686315568,0.3742453382567011,363
0.8852797404603151,0.9115685454664177,0.5067424348510285,2.215955255661614,-0.4012236711099177,453
-0.4825824532922953,-0.8281384420799649,1.5549039625386791,-0.6968926901985791,-1.5241077544435324,27
-0.014171942029474902,-2.855812321358934,-0.8300078085556843,-1.5369495702356997,-1.8682483263515552,459
-0.6401406233795327,0.37937326148642286,1.0155920348990233,-1.6548946461770615,1.165900617059133,214
0.7257144669610179,1.1389610274860105,1.4608558683570034,0.8083942594128526,0.777459653894502,138
-0.7788499551171153,0.11968642849356188,-0.9613830693146956,1.9711334695968,0.35942791495965926,497
0.1635500157078054,0.20116397916902196,-0.9254117916593528,1.0305183597881067,-0.3261952003366025,265
0.3232956696963415,0.8354626994845544,1.1620853660063055,-0.8250823241651675,-1.443348122306674,486
-0.6244735818958222,1.0697144910696224,0.5638444970682759,0.2661714938589758,1.8897297606146766,0
1.3263129921526267,0.5440795563298149,-0.3153070250845664,-0.018302717553693223,1.3727177399242725,5
0.17017797328755063,-0.22816190318283422,1.583317923745696,-1.5231754883839284,-1.105078787157022,369
0.6644316257594418,-0.32636873666391025,0.6020941611599188,0.06158838290859341,-1.8627821003261742,89
-0.9475809106298786,-0.8049689581436181,-0.8249740771449703,-1.296061428438166,-1.3668582784003729,344
0.35879282340683144,0.6136018709720367,0.8104570473203863,-0.16529964299720365,-1.23448371336873,223
0.3522601370811764,-0.19561838289085007,0.48149282395724147,-0.27648799166771,0.2907191045958878,360
-0.7446154895425192,-1.9243687117362374,-1.2900570362073893,-1.60193818253435,0.818651852943326,290
-0.21037118592650428,-0.4621902888963268,-0.4248275532367339,-0.13860730208087244,-0.5175958298297294,480
-0.44664274960109074,1.0972729997963153,0.7492536414569062,0.2975696714377186,-0.006803490766171259,217
0.9842563610821055,0.4184489792108067,0.32090435708572757,-1.2281086655453424,-1.1107300613238877,423
0.7428606176174218,0.8906416008699435,-1.4524582945874647,-0.23391987096945285,-3.2312662289659553e-06,112
0.18587085998206335,0.06988759012949898,-0.33024616061764256,1.0886547158072868,0.3668876406171537,308
-0.9473438804489757,1.0158452888202245,-0.2761378585647239,1.100188565576311,-0.2022016800892459,473
-1.1709531933193227,-1.6518402620340886,0.12318228142935682,0.3310171415112107,0.19299426639943426,151
-0.8888211763099445,-0.11541631087397937,0.4358056614928944,-0.2547897220411707,-0.47307163239042116,321
0.12766634929315368,-0.13920371248329017,-1.3129609174698733,-2.0914250926590334,0.15294065443594138,141
-0.3987672215275831,-1.619077309683207,-0.04329951455109378,0.29304201926671564,-0.4627611196582567,276
-1.3736515605934694,1.6141234886038915,0.8033480475781497,1.3151761261761377,-0.3485577618212218,165
1.7345777985808837,0.23653909558971958,0.2042948262818512,0.6220819206341601,-0.5905509041133981,419
-0.7981157339430842,-1.442746119340007,-1.65629204268957,0.8688260379182139,0.028357265930548145,80
0.2764965620925215,1.3805307044168982,1.1060812037560355,0.024234321872675425,1.1597113195672875,200
1.409478665464342,-1.2448371734568604,-0.3723776293977818,-1.4202227487770036,0.7421816827580646,4
0.49034373249137614,-0.09832949984100435,-0.16143949843347238,1.1510901267602462,-1.1563888619901979,376
-0.012146809553399134,-2.8473655280603896,-1.0485141432092082,-1.427238371636443,-1.577320856520803,118
0.4845418508377083,0.10264042252778177,-0.24418444956116045,1.1382617613646364,0.9405747017100368,70
-0.8387905276725889,0.0077347286415786285,-1.7470391679559716,1.1065461863435129,0.2657674450437251,226
0.6404357314166207,-0.8535846269342553,-0.6420304663018492,0.3554450099839677,-0.9475367409910971,60
-0.014089283745512545,0.4672154329076534,0.3073213903953726,0.5424671091861337,-0.07127351845206578,237
0.7848619577070202,1.3325374853172902,0.08137494319068866,0.2942385631084849,0.20577243558178793,34
-0.38836515891260703,1.2366055930419972,-0.24931654214519883,1.8626082938383914,-0.07290472526069752,64
0.5224823452951949,0.5312171514603584,0.3874679589830977,-0.033550588878386495,0.8154940629852463,203
1.0477737927923512,-1.744604929492507,-0.7783047027612832,-0.3572657725221725,-1.88320003879151,128
0.7682871224045492,0.7469599401935062,0.5473400893554026,-1.309452625564397,0.29353809072908443,111
-0.766265401549151,-0.6363691010753966,-1.0897721402564549,0.40988764197042427,0.457742834349416,13
0.7877896923197816,0.29500849451602196,0.05321639794416169,-1.3777355706935162,-0.4518843673208164,441
-1.007371170307881,0.2990153780301645,0.1959740884334597,0.2669012580472964,0.31423519919496007,7
-1.687582238466815,-0.49685756925822694,1.026588656035739,0.207475506862201,-0.5866526630822748,392
-0.4206894212360812,0.8427572763437088,0.675056284864316,-0.013887896557907346,-0.0638137905479868,452
0.3681378506637213,-0.2844176104382511,-2.1129235653334746,0.6019304361862877,-1.2769284832989585,442
-0.4591926154523613,0.3219563695356446,-0.4061052474594941,0.9187232701495449,-0.09722078677781133,421
-0.6816445521058091,-0.6276302596133126,1.7403671262294271,0.7622737376225833,-1.4384666524094327,356
0.31116733705585514,-0.7267609342091411,-1.4487352148389576,1.418833174090972,-0.10632030782794516,76
-0.12373865892596506,1.0749785916354193,-0.17732842529034248,1.26168427371436,-0.19516158517281612,327
1.0050545442922114,0.16196945918121586,1.235007672044722,0.03659440337235636,-0.6615366556960097,304
-0.22395546369291733,2.689265905071181,1.5581746694073102,-0.5391951095440828,0.8068148129296951,207
0.2886802229377463,2.0286537822600956,-0.34835228154454817,0.5885078304951561,-0.5680647870485127,125
-1.2561310276120308,-0.052029433791561136,-0.3917351022914253,-0.9612554583482179,1.4195587953431275,122
-0.6601085722402493,-1.0059844168583614,0.9410091371905425,0.9249118330507861,-0.4644055901664912,425
-0.8109290044624538,0.02014740710356474,0.04608760501887917,-0.5213478381610015,-1.2815357638607474,468
-0.34446150842972606,-1.1904182209239758,-0.36475456185212024,-0.31454089363484433,0.505769969254096,136
-1.9691433035855714,-1.0405400744362823,-1.1148131734487823,-0.49263560863371014,-1.725157010447838,358
-1.6745147284362516,-1.644648180220544,0.04346938910067374,-2.003943330765951,0.592062326388385,261
0.1374290470327841,-2.004940952282386,-0.8557436323091973,0.11458578609933599,-1.2256307553429944,430
0.15668058185770994,-0.4668105920234111,-0.646175530323112,-0.1737362001171273,-0.543256694072727,379
-1.1392423372807206,-1.6717632871098258,-1.054710947158732,-0.7120881491115644,0.5593296057518099,43
0.5665512576489188,-0.27432683569573413,-0.7898254331437363,-1.8637544155842922,-0.5957525726949516,479
0.5309576014380201,1.9776697344204002,0.5193625161571249,-1.3338490215164451,0.01611907095095324,478
0.9312816900421769,2.2318242835308064,1.899585018979095,-0.9750811709988413,0.9847510687185577,399
0.08745127693690449,-1.5427496532714065,-0.1618940027015972,-0.554461470030226,1.1986085911294833,78
1.2645589811169649,-0.504615911671472,0.10206645115620401,0.3345533790766738,-0.3596262644247465,378
-0.7680843188392232,-1.1796249519687183,-0.653980417861794,0.09398629811181236,-1.473774100226231,113
-1.51357551877594,-0.48855183407076463,0.3705779127916071,-0.5582134083012812,0.21842562731537987,349
0.19733002362721835,0.6774147607444996,0.7384372205625597,-0.5437128705116742,0.732576486534549,297
0.08876408274120669,-0.02595135598001199,0.02760086288340123,-2.1882575240730944,0.6877810183179494,238
-1.8811180432842582,0.7594786421367897,2.2125996804427284,-0.7845291781299345,1.2048655440189697,370
1.8588526094135462,0.12124882367510108,-0.46635322840329985,0.2682669351743151,-0.5486427254787783,449
-0.9631591996034513,2.4592265047010775,0.24770889361993312,0.9840072969784871,-0.10316125548068242,439
-1.6662406058285537,0.19869595145448168,0.6507002646781601,0.1795299326688749,1.1846231127551456,374
0.5492304727226779,0.5526880258770136,0.11909468972024814,-0.3818949185601539,-0.7190266032870284,347
-0.22484647522600062,-0.4387629320238839,-0.6370685797018878,-0.49984055243042086,-0.43152061678222814,240
-0.6175057642283645,-0.22453481155752977,-0.1369189914093278,-0.5620085139534321,1.610161013522379,395
-0.4926940641261404,-0.5981979048183426,-1.8338965907885663,-0.8339688132241656,-0.255963396656963,161
-0.9591286960717761,-0.011923511903699956,0.04964373265597261,-0.6537207589392684,0.14210140214119868,219
1.4082524250241348,0.6763039981649084,1.2224751045375342,0.7898962247727482,-1.904947368998491,499
0.4561854776010735,-0.5651973210691476,-1.2948911920571156,-0.5212470824341857,-0.3876320460881824,427
-1.729435039399105,-0.4386369984168724,-0.6860917794858382,0.23901088849772303,1.2749981490539846,227
0.7365473386126103,0.5369722427372169,1.4824791463117117,-2.038826373723371,-0.8417288363609401,310
1.0960906256817708,1.3386014223353846,0.7003969341364128,1.014034631253726,0.7898421965701674,98
0.22982957009867006,0.6305366050200755,0.17846407148186372,-0.7456485495761194,0.05586356874356679,361
0.5900627361956571,1.4388121156775058,-0.32948281032065324,0.6386451618449835,0.46238836517670195,432
0.7579184056378478,-1.0390079491184214,0.9283852912121681,-0.03668779603334886,-3.0775869402708116,20
0.4110688999350213,0.1842714240098228,-0.3102779878919614,-1.2614155407313308,1.513842608811013,66
-1.5571474075839122,-1.8295996634314187,0.13794443589750102,-0.20191683212772457,0.9616848480584576,443
-1.9950043037627565,0.26136368437825175,-0.7272334462086212,0.5034667619267142,0.09915497804218516,239
0.8352385732833217,0.6652809393626223,-1.7468709096671742,-0.6477548542760945,1.438913586882217,92
0.6664041362465735,-0.41041321600223973,-1.0616310772966915,-2.011166752608484,1.2763539150787686,402
-1.8024727065075261,0.36498931499802645,-0.04094377531990178,0.14925246798845185,-1.0648571170837717,322
1.3542947725829055,-1.000628475971428,-0.9822815021061564,-1.0973423758859102,0.1352243008983513,292
-1.961283598416878,1.4633135231324,0.3610836887312454,0.5322109746054143,0.26466433331431755,410
0.6324935986898096,-0.24548931263495655,-0.6257000165654525,0.3114845298040607,2.759253792967982,256
-0.8053903879455919,-0.4133253394223669,-1.3749505108298585,-0.3359664278751587,0.3202143980217789,362
-0.08389392886783612,0.9396898939774466,0.9583232875578224,-0.8111653414681499,0.4377984950356158,279
-2.212435419048887,-0.022927885493494386,1.4197244135424854,1.5934715831529966,0.35456981315924097,71
1.1196983330786268,-0.23790150000376004,0.5110992584787565,-0.655731287268814,-0.7549825008354162,457
1.8906440537144154,1.4234214498386446,0.5474073571733512,-0.7719636389710779,0.3855479919351271,158
0.44148261711340925,0.8975879842950023,0.8668234003219436,-0.05722970097572375,-0.19345766052388147,417
0.715678428952619,-0.36597630977155393,1.0179724030908932,-1.2534036091371132,-0.5148062848016424,281
-0.3490913290299884,-0.9179272629621005,0.4331524004463419,-2.0025383428686534,0.16157705722155516,94
0.3668965205083064,-1.8609916774445754,-3.488202325391504,1.5674297343571635,-0.9265819801258256,205
0.41386544428632815,-1.6158456006437274,0.11391454074050188,1.172413010642306,0.2245732122101033,446
1.1016224316992953,-1.348622547614582,-1.3682946110116307,1.0523521389036468,1.4698980136324031,365
0.7602653095153135,-0.6782925182639719,-0.623827270220475,0.5804501367082,-1.0669434642890567,351
-0.8238208509318036,0.9914012118453277,0.6709529860326798,-0.577101452068655,0.312388263931346,206
-1.2624384121132557,0.7368709776175842,1.2173406062986818,-0.004984375968477951,0.26995088294627806,85
1.1183481318501252,-0.7682842935744874,-0.21526015584388006,-0.8452123888346645,0.7209468293812155,254
-1.4822256554203102,0.7092690876022592,1.0193238120272312,1.055040679339606,0.22235058749852,267
-1.5347723611615283,0.8179885059261404,0.8235712648102893,1.764611723912285,-0.5882798197439725,57
1.4242326202391522,1.2285146065296375,-0.32489951829538344,1.8268046033962204,-1.0453861243352771,482
0.20542964399999863,0.027919590599052243,-0.33294474486024755,-1.0429436762023792,0.7505201307108447,220
1.0005224945537794,-1.1178591242013767,-1.2454715691639375,0.8168598928311792,-0.8787367632222146,19
0.9788853704657287,1.6315089068602948,0.09613899452918974,-0.16011630804099958,-1.1327954901157968,320
-0.7047219952062063,0.6239676059299127,0.36942181873712365,0.503836143247198,1.0193958208274805,291
0.874875544797543,-0.06718018436792722,-0.15356127912667095,0.03473489467467216,-1.0494527389574948,412
-1.4768068228992084,0.3159371287869476,0.5786819283057661,1.9871192544389524,1.1972816801094046,95
-0.09310576359242391,-0.30458213526853256,0.1303407356598964,1.5800816905683497,1.1588403792164734,403
-0.7132299608238044,0.94249221423975,0.4204621054183952,3.2664114317450044,0.2286538509514706,153
1.3481629279445535,-0.36924303805544695,-0.8236916049427456,-0.30701067238991553,0.0830136397114267,450
-0.6059718073215422,-1.440283926208746,-0.34400458362586783,-0.35570641938760805,-0.9897525286801341,466
0.6967639439815048,-0.033450962683556504,-1.0137162089823029,1.640942419644982,-0.2362502509764462,90
-0.8558761535900838,-0.36525575887004325,0.32514021256020337,-1.6944447199795452,1.7297920284555321,493
-1.7521627092958683,-0.4067160223177037,0.3034497451420209,-0.012775910572071243,1.1351715976487946,329
-0.9004590984722761,-0.08053423233709807,-0.4717864386462512,0.06447133336330214,0.4825735745342866,48
0.6726516158732986,1.8294956507310927,-0.3590572786565938,1.8337741907985325,0.6354132652497756,45
1.2019477758837704,2.601169197477748,1.7174380784525618,1.02507760760907,0.5246082922384031,460
-1.1832245786593898,0.14998256643882862,-0.4510143118109257,0.3549625897440412,1.3806790654039183,408
-1.162555736994447,0.4698115918853017,-1.4549514492477893,1.5965841608029019,-0.36026445569776044,172
0.8134382197155569,1.638917068776813,0.38499842243683347,0.5149526503093954,0.7097147106656794,456
-0.39651057881858265,0.1329087531298564,-0.20889790892882237,1.2041302579431004,0.4534358629711792,163
-0.6477451648194963,0.939046966092164,0.6514218776795944,-1.4916955987141876,-0.6458886293008517,300
1.266562243982581,0.5509613187783153,-1.676391010739155,0.8318086769852874,0.6430600776810099,181
0.8135015174330271,-1.2062799695806874,-0.9608666803175671,-0.3072422230100174,1.0063231570630622,381
0.8815496421718397,0.7216282123023937,-0.5878133215341724,0.02936747877246523,1.968859844207445,55
0.8858820603631864,0.07832298279067264,-0.6806465531967796,-1.4225586325828463,1.1161994308393632,73
-0.9631125902532458,-1.1011471473453693,0.5104047555888864,-2.2593515110778104,-1.0548397624700827,11
1.9487444404590881,-0.4358210838219904,-0.6933612264347886,-1.1511419267202723,0.8880623945248655,336
0.0549500963266843,-0.7518780849539395,-0.6055455169968331,1.2389638663901086,-1.501751540965829,164
0.7702393189403423,1.469172478692274,0.6221138461272245,0.8187253389012671,-0.9393357185937666,274
-1.7854500215074964,-1.1941837728532112,0.7858722389854412,0.9883462557520422,-1.156416253223428,491
0.5623512932323116,-0.2766574949584636,-0.7710033983836011,-0.4190428267094431,-1.0158554589622053,335
0.6904024181949774,-0.7140719250700559,-0.5144035738772118,0.2384103405857234,-0.10690879586524785,390
-0.7056491374564844,-1.6783041747746013,-1.3384019487034882,-1.7519599811605961,0.4778157583328016,107
-0.5080616283997971,-0.9105449107463155,-0.39150605471666206,0.15579505665995227,-0.34276329391586546,249
0.7232441741319905,0.8480933032930076,-0.43946293360496047,-1.205709291129756,0.5852385327917894,22
0.11285489438478535,-0.06787766752113464,-0.5900233316310985,-0.7504315650478083,-0.35438410078918453,82
0.04819567445660315,-0.4525636181734541,1.3209240772834565,0.26119753743128843,-2.2870495723203543,257
1.1012146825597526,0.3672895224661529,0.9682870396129591,1.042179211665322,0.8134753862947797,357
0.5047366450355397,-1.0196019160993206,-2.5788749752880196,-0.7978780892266215,0.13256405666729665,429
-0.6293143986316653,0.8972445592063751,1.250128962564955,-0.49315286807604997,-0.2590309876358962,28
1.4644173322567131,-0.6259436059071268,-1.3782871570766306,-1.2389901528753502,-0.8608669711453971,162
-0.9693605097675517,-0.7833281463855106,-1.0149741733317086,0.255766601687825,-1.0104193898647498,120
